person,adult,people,caucasian,attractive,happy,lifestyle,pretty,smile,model,portrait,lady,women,body,fashion,human,smiling,one,sexy,cute
30.501452413977162,30.93107100161585,25.24903326964753,27.324140770229892,25.11852682441268,20.106467779123292,9.710872217553877,18.811831587803326,18.380899877323166,17.270828762991812,17.717318606600937,13.25849658177818,9.023254667372008,10.707397900338684,20.990947006899724,10.117024588732372,16.022139571295593,14.96005181182524,16.974259968970976,16.392822922255547
27.483802007418973,37.01424755137689,19.290971580518498,20.336216661847523,45.760946318554396,16.681178795522275,8.081968430375206,46.639221057950756,11.949889128554672,62.89421952479941,32.71703813722003,30.47443629489867,15.413800609297464,32.01459147447953,41.665289888690786,14.100320421060639,8.79560862728355,18.846104641452854,43.775698728108964,23.929990785101992
22.235422154829152,25.101763196620208,16.246390803803344,22.2457818469947,25.75035634609244,17.466073155265722,10.904138040093256,22.37521400024455,16.369927062054643,15.265789862080053,16.372746959749755,14.458913553156963,11.824927905455832,19.048681236610257,16.727403284540816,10.004872964183868,14.822125723574958,9.875804088855453,25.70165573278376,11.365544849579345
28.456650860458677,27.87260648524185,18.676276186062747,20.316225879209483,28.03770638024621,14.005943480962951,14.0191584927983,26.512545832704003,13.124716983486652,22.74148753150794,18.015655807948495,16.521957591006885,16.605924559411335,16.836296605491405,15.94081587747802,7.974352760906,12.780061688174243,13.758277957067918,24.102235380609315,15.625581162958333
21.320052944024653,23.361617494716025,17.461296026361016,18.873316811467994,35.095000444442576,15.434158565331781,20.835157491494794,29.256215677539142,11.691940925805168,32.58499507338274,14.867024983045184,21.259618904612694,15.666840017287063,29.63170562639978,24.23361554079557,9.756280327140423,14.076009214136544,14.243915302485865,37.81103426655482,18.673848586013168
29.23428917203947,28.70229286001433,21.854530727553133,27.779715522438227,34.65647153508307,14.682385834416301,14.834450901982803,30.55028673052214,16.40463910060506,26.48249389495423,18.20241179028712,23.223006348271586,18.134280541193128,18.45813919776145,24.136575451014124,9.366790043631799,18.073339649410357,16.54840256458245,31.53066079830597,15.206898443941986
20.87183274464598,26.501026986005886,19.60899884757654,21.481334535017947,34.69853172494026,14.687321208232756,18.679613403778713,30.691767503539005,15.140933282662438,32.83903231771141,17.992998198870996,25.186346475696432,17.481836244620368,29.954482750036362,25.291904164777,10.244776770029581,15.71651786795007,14.036807013249257,38.652120592524845,20.877232467488646
16.856496694134503,29.548557263622346,14.267426936560552,19.256648652874702,37.343140508832974,13.154011949147968,8.040922101079543,31.446740141673768,10.398342183726307,40.698151513199285,14.853293687272755,20.329158766969098,10.127443103834379,41.18165758644947,21.50543182665469,7.780021755248013,0,9.038456547816,45.253563477262354,14.657911040717712
20.117249423060603,15.01956473679676,14.984097698331118,14.354974284689662,0,12.356349656136096,12.264647786436335,0,7.6327930040353,0,0,0,7.690394152153666,0,0,0,9.442378825666603,9.770820491943526,0,0
25.56965362153928,26.89880434801179,16.848776295823374,22.552250173233315,28.93418020340879,15.680700046298861,14.441947438622712,23.311692966711206,15.50450960093638,22.308939622813874,20.704054592779997,13.147363955649766,13.413745331073862,26.491239286879857,18.63772263763243,15.024030236047226,12.421978535308432,0,22.187891488805743,10.147035486713216
29.044519171608496,30.003139844311733,18.470062114821683,21.87131318657435,27.581574555015504,16.282805951010104,14.437399665426934,23.30752252506074,18.203775794178366,22.315956582270477,15.674448495679606,14.708450057569605,16.406051049719434,23.443666752521,18.64263917613964,11.429110610077142,13.797003932169353,7.752114995326105,22.198438366763934,12.148180112251488
26.532189117816372,25.775912402281282,21.867405981955848,28.87971393743289,30.756688549299433,19.973500608409076,12.949493634159866,28.035207319767224,16.285021802740978,20.008219577939016,20.745425834292963,18.093525953682477,19.350080377298763,13.5596331835597,23.73521189929125,9.597955215805552,17.872948738939357,16.464131897552022,26.711492026829326,16.33105028305902
20.292339104477733,35.24610122328036,20.595045773959583,28.762194056053666,35.953681161717405,13.495410406969462,14.735832423872017,29.75187220193767,15.097293710596055,35.30717252557549,18.87721059664659,17.259796327471033,18.07458267872858,40.49453200663116,18.76964506585254,8.399639834897942,9.355920764155798,12.296740369545184,42.33584346612549,17.716341772939746
18.01645579680341,18.081787953036095,18.215972554543917,18.093013441360572,29.555306164955397,13.823740830738934,19.399323107137985,21.126614813609912,10.084403601064844,26.833980120891717,11.522504060450363,14.254203389396153,13.799780517779508,32.549692921743116,18.318887846576008,11.316607750677488,11.05143392082791,13.782379974193281,35.701232545168274,14.284867630430188
16.349124725018296,19.33165643073433,21.364916533535578,16.300173876108886,22.79607909797336,18.177296728711962,22.554148273427955,18.735327524390357,13.306674254625477,18.833405393658015,12.313566979012148,11.577320083194914,13.243339565667641,24.164130281778675,9.411470802930637,10.082896630872769,8.40916203684832,13.851529391831733,25.84152075092501,0
15.811543435183236,31.954874113409826,15.80892254469777,20.446738483611654,36.20789300011914,10.442300089722735,10.565767561107336,31.570296608395193,9.187484751414754,41.33784725963071,16.017069876041813,23.163813925349956,11.568148702335339,44.74258261515098,20.780609465397013,10.403022658783666,0,12.790199995314985,48.77275067857611,14.730615989239581
25.93440783887897,26.06928237229146,21.614086270739676,23.74906230870685,17.62816286337512,12.290502142912189,17.337217877816425,13.583032638193597,13.08007680049791,13.719639530260316,11.560963988990535,8.276137613276491,10.13134788695411,10.27160406407038,15.996347591982621,13.18412776352518,10.02637562528756,10.97042213588318,11.884024838478622,9.182325688698253
27.805745476540366,40.92007958628261,19.633803563980745,19.495029572620563,34.762821140521865,16.5291151610877,11.44523183535924,34.398180170386205,17.828595996508167,40.60602936705111,29.405724534647938,24.897547065268657,16.750757951966925,21.47642792320929,25.87570062473132,14.655701798882875,18.271379086226112,14.470389063681584,31.317246563248155,16.486592025315623
30.33455573645506,37.00171564499467,20.745276180168354,25.85351314905,39.81685354030023,16.33282521849642,11.038355057296734,37.42091228972325,14.879536214892331,35.570682577388666,30.187073379676278,23.28933690973682,17.172610548129136,18.209042382909136,26.610159300339948,13.630264995651252,15.923948624361687,12.767547604782838,32.23986213381925,14.920389547447689
21.35211247119562,28.550746946659256,26.443530358347704,22.9993405226136,17.355654164006634,23.362746369813827,18.447266835215224,17.181830386681085,17.42248653843827,11.810123706018125,11.214088910590153,10.755942472589048,11.850794041937583,0,9.235548971265063,8.52500667650115,21.22504289351642,7.72075538527393,7.589284870369473,9.393000633919712
22.755591694014665,17.167762510586634,24.49178262519165,19.567292738898505,11.209241308679642,18.33319922503946,14.816772600906509,9.787173144847763,11.900382207817799,8.730285862760516,0,0,0,10.362040151302823,0,10.50686875478082,12.844988969455766,0,7.490866262538939,7.293353820255175
25.93440781871198,26.069282353507933,21.61408626719715,23.749062325078384,17.628162850594894,12.290502138229986,17.33721789181605,13.583032628152397,13.080076805977212,13.719639516265456,11.560963969289775,8.276137592546808,10.13134788123771,10.271604064295868,15.996347575807993,13.184127744096278,10.026375630860393,10.970422133074154,11.884024823616821,9.182325675318511
28.418161594255967,26.960162754172888,23.981596429220026,20.97016093862791,20.61334855838212,16.187776239006354,13.177831681535228,18.51546193487991,12.931124638145864,9.258917708211994,22.82913483159297,15.567696223474874,9.997325189276074,0,10.287453946336788,8.22919961097787,15.210642282734728,12.16465499914797,0,8.427291491984969
22.543668955280566,20.69099637758898,19.031362534997623,21.31468587960576,17.196463505348504,13.127684818563951,12.360483411810847,14.49027261263819,10.843706135111075,13.384863075296353,7.718216071901531,10.259432020425562,8.444988574334284,12.164330271575304,12.21050379395168,11.50971813880105,9.781239370377119,10.67345184954751,10.860467436567403,8.317171215437215
26.457631610976787,19.954535421941923,20.307726653433186,17.61921232865944,12.261254509870934,9.906104103021983,13.191527180987313,11.509825332934202,8.602018388622168,0,9.763368966045629,7.7857700780757435,7.475485921183593,10.30884101162941,7.848958474724943,0,11.93485736307207,9.645649187489814,8.395937760326207,0
14.802865028315265,17.573741635397564,16.803034310465073,14.60604427360904,9.823102220699608,12.594338451600217,13.156086181888831,10.326876224834171,8.590066340845807,8.1008306412989,7.979116274153737,7.7485546977184265,7.434647424010894,0,7.827156231347693,8.43970112311211,10.024074901335164,7.688308875901199,0,0
19.789729909578014,18.845562780627386,20.082262097039614,15.036862946323557,9.15809743670758,14.081494853791506,12.039615534269913,12.303527590228017,11.803944034074718,7.235991332504223,10.977816122681922,0,7.978444038106027,7.361711542360762,8.365179116101253,10.427440887427943,11.400641770461677,8.922388676332313,0,0
24.023395870360687,19.707416291775637,24.63196694021754,20.285810879312525,10.599210687464863,15.436597621870012,11.50590675168817,11.13947236836449,15.277873876804573,8.054341347221769,13.580408249218092,0,8.068903564156408,0,9.871882189163612,15.486058749484327,13.578620365234903,11.826155478812666,0,0
22.647819993121274,24.344983216302484,17.55389685933228,22.627821932413152,13.438326587090108,9.171616329225111,8.492373080117487,11.393371259286683,7.701039877356352,11.992853419025925,14.86337229875926,0,8.498331906906357,8.644028971759216,12.955063901396805,8.82265955281689,0,0,13.089671956542105,10.895757225558027
19.739795531243864,14.597483098195376,16.53015270437279,13.888722087319323,13.915071862321485,9.207472763123404,13.655730181250204,9.573602380022445,7.240931355475096,8.026846255328236,0,9.76527862614115,0,18.315772142766644,0,8.269128994638077,8.655355981033553,0,0,0
35.697576343283316,39.61376671716407,23.14321243947436,28.68635710434214,34.66759434888977,17.89834881568812,12.94467344785776,28.382969680363846,18.014874298006596,28.00864554111987,22.34122359041795,21.466051787946522,15.49511625848779,21.758225917096617,28.40269848953399,12.737184756221486,18.44117918740295,18.167353701081474,33.40216146505904,18.085549270825275
17.39775937891005,14.52184084387684,17.182072416089603,12.83119532664967,11.791114179584937,10.530652400755397,12.65203481477982,10.572700043241452,10.1052264879058,7.41393274612593,8.850965220958443,9.031088204316942,0,0,10.133400578913612,8.911168460421951,10.306633619451215,0,0,0
29.666581628334928,24.13435430032971,21.996546947155736,20.05686412596553,18.98583478641833,15.894037083052236,20.699034606468352,10.676255755004664,10.788305958646802,12.608044418739704,7.669522343596727,10.22557817901504,11.202430865141086,13.531276541058894,12.844743029486573,9.418980120076721,12.992324813337559,7.318704732164624,8.66044263079095,8.275078574262105
23.088739364453883,33.1754700867165,17.742150315750216,17.103429234054463,31.56330054882009,20.83409098161146,13.362136950858043,30.038894755626366,20.214884073602267,26.362660495519396,20.59500552549591,19.87709856364078,22.49092752085218,17.37439481986741,17.15069386715332,11.376288693209942,16.503054420092905,0,31.215276081377997,17.299197990982886
18.6992803961155,24.368677089610483,17.481672287153945,18.193210424235247,24.909991520523832,12.36567815941847,19.45519255700703,19.490031338202634,13.821946492582356,18.834036838373972,10.99383889048337,11.332882933831733,13.090490607629453,22.162765458851403,12.566058678564456,8.370749518785118,10.774940932554456,8.254456888056188,22.387175703287543,7.904195195753912
23.275241236360127,26.738030368335462,20.541031726853287,21.69070653320093,33.72729221302941,13.63406284266103,14.446474689542212,22.578383799832917,10.811805265188987,22.792657010414338,18.17545374370055,23.05035812973741,17.99728772258392,17.238001983242704,23.503037098164054,12.727914888117025,13.904066112797917,17.045033735038306,31.514958277775996,14.92532007575907
16.29667018773448,14.909430360374108,16.141188458924645,11.663706327889322,9.48438440839015,9.944151499344786,11.977885768722405,9.933456556652398,7.247896632823653,8.566637041019368,7.7480465760598305,7.682773093296474,7.361966724711822,0,10.040458028013772,8.82906843078388,9.087382557153763,0,0,0
27.861003349941797,36.119605823711424,19.695642522709647,27.10042024755608,30.337651971254097,21.253658659475285,12.096471113683032,26.76730979577649,24.38945445818754,25.476857700311207,21.482411036986836,18.19636882428423,15.33249358305649,20.712855175947478,18.26712768001594,11.176224221692618,17.533021149275136,9.006306965520382,34.47096134048542,15.221110907872895
17.828856220254206,31.479110319716867,14.205048742537546,19.755920703920168,40.13699997562814,11.789602452065964,9.632784372763615,31.072745578440315,12.47403198995828,37.46003324416782,16.399292865713242,24.5156607593251,14.588405934715276,39.596182768673515,22.758409290967293,8.693767224685605,0,9.152422739656494,45.68189909674523,20.74621183061393
26.37994996539838,26.623073976603695,19.750019600164247,22.831878191827492,31.033497846471224,13.333805701436008,15.872940753358458,24.19484910785621,12.525371214633187,22.427029848680487,15.558664367043448,22.634777881275447,18.478784580323996,18.15523639674574,17.787852819110704,10.129926873192828,17.1221294408748,15.651923062243352,27.830710481981058,15.588512412024906
24.248697019390217,33.62929264358218,18.131856363940695,19.692244011389306,31.225877557490698,18.468584933045445,13.39002476555966,29.039691244141896,16.874302466052992,21.40057956549984,15.151506486345115,20.11731279883976,18.730894212504474,18.908763519500493,15.30071519405191,10.630270576753734,14.090135279984112,8.518137554161248,31.950270199498842,15.05379114634146
21.296025558063185,26.890275275522303,20.77315349460333,21.748916346980998,35.57733027132747,12.224247234462869,15.046614855657513,25.67927315111568,10.005710966615231,23.481980208556863,16.53716344560103,26.98192927569424,20.638066598369885,26.390197586257074,27.86919437389631,13.75210361142426,13.873013708592543,14.854819635706319,38.22286378698093,18.413260756242593
22.293005233578473,29.443679930109532,13.44270828717511,19.648152580908558,32.813062708830756,16.490904778857484,10.747079914137874,29.235909560301597,15.022508490141567,27.75743518507628,22.87281169488616,23.700332813913946,17.8363237206835,17.550473738102884,22.00864539278876,8.282148370956888,17.032487534743805,11.109382963831118,34.87053568082415,17.879429551174894
14.594777528452287,12.001707508728948,12.25397645537692,16.2090558610075,11.78217559051382,7.9085030425705645,13.848272696699913,0,0,7.78952780544253,0,9.495047675974408,0,17.196305914220822,0,0,0,0,0,0
28.918761251425344,32.59953435721729,15.481550039348756,17.083781022402096,31.06412111583842,18.36151234434625,10.805337623122048,27.491182304171424,20.511581730295973,28.54547644054159,21.562988943261075,18.282695626971897,21.361934503454997,18.576008287392913,19.008163915109186,10.60989196540707,22.371000112377505,0,32.27928229406459,15.940562858554307
27.100902483064296,27.646401360561978,23.41587679772776,24.342694549411036,34.52664391729218,15.73555312829393,16.763940602862114,25.785113304260506,13.296942495690105,22.739445944127223,21.35611223132133,24.339111804730084,20.13303683665984,16.48807343558949,27.117929425816527,12.2365620444275,17.977221841494817,20.946605080292837,32.355294367638265,18.89100633381699
18.987398704959546,21.005303173536955,20.24153386075031,21.06579284315864,11.566115173314644,12.071225528230414,13.112296272757234,8.426749171204236,8.587008162384384,0,7.952629098588708,0,0,11.691440246087854,12.33814287899058,11.690753525807956,8.77931152896933,9.600445762024792,8.999651723071201,7.96140162143716
22.622775825005323,23.212893142795554,22.21445962306388,20.205432162552945,26.804682823603354,17.737327567763746,21.546789069645417,22.17950569204365,14.131317901563268,14.863812884148475,12.501198408746104,13.943623387784745,12.748340075788867,28.09909055412109,15.618887579142482,10.167862368586718,11.794900114770686,10.024624239999502,23.92910919947629,15.412495418605559
22.195421806825344,26.76668060440494,18.291969331356565,21.658257298569623,29.378991752974,13.181777598098478,19.420279539976722,23.612899027540177,15.37636104407583,22.990287578817235,13.690541906210289,18.972959902628112,16.24559114671152,30.33269099872257,14.297157047997148,11.061815485841382,14.452111223290824,10.290821994323016,28.50319196315063,14.162025248715453
19.68258106010096,32.397584438038606,16.943952973004443,23.630982609591147,36.79912795397798,13.057502274887549,0,30.783827472026843,12.680702255427994,34.38819053642213,15.98754472354888,21.110486769515834,13.389036971338951,38.646263065283854,19.67463344465003,7.447684311369983,0,13.250226375438006,46.90440678982471,15.982682023429973
20.210677386692005,15.920836800005015,17.53091338893138,11.382310590939227,10.565235857462683,14.159339576969511,12.754251771967034,8.491979579176036,0,12.34693557041114,0,0,12.395679021806151,8.155995666841669,9.817715107246407,9.790345275678643,0,10.355771986217716,11.967326372403114,8.627869998798362
28.761317738568323,32.97590702622691,19.102919782507342,23.91880087460825,31.499541425116938,19.98860026229256,12.063377105722445,28.579426313756006,19.73506374719081,23.92949720849732,20.7866656546322,22.67176763983987,19.732180829376443,8.853824302119898,18.177136511824447,11.152488559604773,18.89090363824023,8.234876194124586,22.44679005192006,17.149726175166258
29.180128048327447,27.614792370121112,24.029805557171134,22.60717746180637,22.27417767835489,18.181699033036793,15.88383279095608,24.735752698129723,16.93334736771262,15.684523800198768,18.26358415117123,9.316877261704947,17.21490768058145,8.357906660048549,12.245220318532647,8.617245111016826,13.16367220284998,12.042095589985795,10.748182384293933,11.538077199085004
19.709426793432737,35.966850269049615,17.942023135122795,20.647740017625317,33.60155531991671,11.931509569958887,13.652974159731947,29.495771748278564,12.724538877763012,32.21986303818833,19.471505998779723,18.8913983783549,18.977349646963525,41.469533078823524,16.89461294616367,8.169130300252275,9.09641218927632,11.286313608671177,41.77420003459005,19.084115061170483
28.71635892825569,30.90613771976846,21.47633050709822,20.341206744223058,30.57856013447617,20.87657454276527,12.904558372746411,28.295482992777544,19.345921896950994,19.856732536039996,17.96639457982996,20.626489156104306,17.688524521794125,19.449302341620598,19.817284937439354,8.478434184428123,16.366346965025606,10.446524518569296,24.19488099370882,17.361004069549253
20.797222182384942,28.404461709978168,20.355244009995214,18.540262977772485,37.73500677534981,13.719087849832725,15.669415921222795,27.90204601941537,14.728255683052694,35.146641564491134,19.673887147005935,18.94745807486277,19.56029837021386,33.18603930712931,20.623070256443523,15.021004486459011,11.457268380618777,14.134402428524698,45.47750356002936,20.640049742403786
22.293005182595774,29.4436799125502,13.442708277159124,19.648152584204883,32.81306282169355,16.49090475857605,10.747079884280236,29.235909602840785,15.022508525314734,27.757435211588,22.872811666790838,23.700332801357824,17.836323711208184,17.550473735742656,22.008645380903708,8.282148339417741,17.032487556034326,11.109382930564225,34.87053568272356,17.87942955100715
23.182327350724478,19.818599823050068,16.691307197877094,18.613677671858923,18.14404438387863,9.591144977156587,19.287032269759415,11.191592922841735,7.509303763215861,10.3827728053514,0,12.287851917379362,9.033102581653647,20.412464249233008,7.959100178767591,9.275045154418263,10.302569802773448,0,9.943042673592497,0
14.594777553065006,12.001707566163615,12.253976448351162,16.20905591496874,11.782175645154762,7.9085030950878945,13.848272752098632,0,0,7.7895278292451575,0,9.495047728078637,0,17.196305976947652,0,0,0,0,0,0
19.155285248431714,29.77351208982086,18.41990119050268,20.001808494120095,35.78010849108791,12.701049692198369,15.12751609847765,30.45088222907604,15.456831556445284,42.64372208394635,19.57509153336336,24.770792544246802,17.746471572772744,33.87907496062921,26.105910263984388,12.386027501442003,14.535721890470427,12.944844432209704,42.11285188825227,19.15806316020063
18.47639629162626,24.931020799611098,19.64194197149766,20.3756828716159,37.365115847307976,17.483145573633657,21.2216567930762,27.835272076347728,17.153148055057095,28.86513314760998,20.44544048210012,19.05779364474884,11.538655984565812,28.318597792169207,15.731448116078218,11.070796780805951,13.721316031975327,10.207037442968874,42.451403112361774,19.041296684794403
22.61914413068468,29.014049400578287,22.162353512595647,28.688680301680176,39.53405579006476,15.426113245912498,15.0211483903756,28.96397335048026,12.736037482483736,29.461367865460453,22.543434311834794,24.181795640295,12.024117856303956,37.98551640369455,23.642224244904668,14.197843928457559,0,0,39.0714724307218,16.621766756124845
28.918761220293494,32.59953436130908,15.481550029089531,17.083781020428425,31.064121108358997,18.36151232660319,10.805337627350468,27.491182310850245,20.51158170376687,28.545476403633305,21.56298890908513,18.282695627996244,21.361934493723965,18.576008281765162,19.008163900032013,10.609891958729218,22.3710001069125,0,32.2792823073222,15.940562854211572
26.234684263391156,29.50417938621851,19.629833364555704,26.49104573175098,35.77791528908916,18.157057641477817,12.411591747153018,30.059788945657235,16.235699975165925,20.88910760085299,23.281574085565005,19.384871613649064,14.952503671904264,20.533396201152446,20.132190099203278,10.750303646798967,12.477209713316697,11.313285979874406,31.473726077560528,10.18583541357892
26.108243946418202,31.525217695594044,14.706339582343947,19.850605615955086,32.702022235126435,18.628541735070495,10.25241145983571,31.698464054761917,20.11135525543441,29.966277097312055,22.900469758679186,21.732039246186552,20.996042968545055,17.616284105732635,22.129882456063452,11.39038268137977,21.859559769342415,8.570703520799036,33.588858988579986,17.055364355492625
15.85005402111098,23.999314253103336,13.548571044822687,15.523595102040503,34.68109572012988,12.713102572843434,9.093677235952937,28.015047552071213,7.355741026191084,27.847282017281547,16.673835926295897,23.5216732614742,13.334210845233507,21.88274080510441,26.280089160349917,8.884830808470946,10.155726641733095,12.112984551049472,37.01882867660331,17.87709927763598
23.941531612507852,28.3179409075991,19.502807097736905,23.68868662496815,40.58007753942265,13.072328256110858,14.22026914981122,34.527415997084624,10.1921174665802,32.192448110427726,15.42935898518376,26.341058923977062,18.278213446389877,23.53120521650435,31.68231153210327,10.143668908241759,16.207577488359952,17.30279181200358,43.25938792022528,17.855715628776025
18.56249547934525,13.879861391457682,18.820466814776264,14.96138390036839,25.02292381355794,13.5275356616618,18.687201282101782,17.064700945361732,12.195870488628072,22.250725026682108,9.352776990900361,10.134502775988565,11.786303546158491,25.55631112403999,13.891834575272187,10.064495821156788,9.027253553663668,12.297716900329059,30.25754940068271,9.377787027008859
21.081934128854048,20.931081226271033,21.35438693504104,23.981214831677548,34.423998435576316,20.319828546858474,24.487997023972763,23.494755705572377,15.819017524065739,28.977759962685898,16.941675882839753,15.807555688302221,11.88149194252891,30.877214056573425,17.931027151423667,11.39203777821362,10.335383180967037,13.211475386848388,37.710138157628876,14.453431805168341
19.784178382583217,28.066066295094863,16.578681813399022,20.17309190593321,38.0558791876996,14.059935597335011,10.439041069307988,31.661924876750536,10.836262972695392,34.70040205484064,16.93437705337281,24.337464917535037,12.683499184140267,27.84528857367046,26.383346505510268,10.222080081753568,7.362362787676879,12.636768964758128,43.287532640007704,16.97560056557455
24.920855863598618,37.3534260640137,20.568115597711916,23.10783871142568,35.44804050563115,17.4409823259101,15.054894394249011,27.8666526933607,19.503207568700198,38.14681323614508,23.71539889494579,18.464930015719162,14.879977528473654,34.6659244533382,22.784050894478497,15.653891952667157,15.782825124785324,12.657874353587973,35.76508733353216,16.153574586166922
19.650403723459178,24.505630791814212,16.92187688216336,15.4858661856305,20.330241409935446,11.814139987178216,19.04085252693153,14.799292882982826,10.798911680074347,15.201261618468962,11.690527023123602,11.015806584641616,10.602293486462829,26.292944537975895,0,10.805173184563253,9.821546732991013,9.387679066451804,23.09262450041507,10.801812545039436
24.06471743153479,31.36050168969853,20.482299853397848,26.68539825100098,44.73797608812602,18.609643754494464,12.62798304842504,36.57764282287187,14.98164205722044,43.56898330882517,16.290532300069493,32.00413913150644,20.813308880168993,25.471117273300052,25.535623139134266,9.673331447123003,17.307680384688584,14.974444213092204,50.80244791935212,20.89705152316049
30.746534445482787,38.78699128530484,19.779407083147433,24.695511454236087,39.71632107909338,18.394720537492212,7.428350621428715,38.68010935087924,23.222844034711354,48.26338678080726,35.21648122964786,28.90731318543137,17.560193857492088,17.882755019355596,33.83990878910337,12.645571628818358,19.030727807097435,13.874295349680727,36.17208369516954,19.301506429526974
8.974883547538186,8.110306792879912,10.807660218002367,10.536238010505564,8.671616457624552,13.555483175687913,7.7370019473978004,8.566636723055245,7.575624656283129,0,14.212348950504193,0,0,0,0,0,7.746321222800996,9.135225411822676,0,22.249123307029176
20.200415724647023,31.995514102627887,19.978434426592457,24.85696655572727,47.37651234866719,12.793362347254643,9.95970351305928,39.212534984115536,13.031373231331404,49.32594230220793,18.782127498576006,33.6378054513798,18.71696577193688,29.268247779003772,34.55983688290598,10.337195278350961,13.327624507139621,15.634585045907889,57.59307007138654,20.868208240078193
34.15045108453862,41.184644599644145,25.89648313869858,34.613774631199476,38.8332473754745,34.25441688984997,21.608200880452507,33.049583787824794,36.24254159334404,22.375901344178196,25.414511307466704,14.871906985400718,18.896267298291804,16.890978181458923,15.252988928304083,17.424462423774276,25.15861073593246,20.028310090509773,12.40004403957549,19.84628151467876
25.227441869204224,30.097346202882743,17.809999345398914,23.611039597893665,29.82893603165569,18.040184470870642,14.595006901983961,28.213289653108994,18.205195616939584,24.37712588083677,14.513778554849187,18.630953243598118,14.38323978386289,17.51654170469329,22.094373885617408,8.95692975552606,16.63836183608062,10.199711821171281,30.211402007839773,14.341371785265675
27.44227227951943,35.88815167130451,16.937800149193055,23.331506603449757,35.85549428248333,19.39518891506354,8.979108871390745,32.8026327423877,20.343230216126088,30.283302326989443,28.325162754226202,20.20130174809482,19.50347700174657,18.286015097116337,21.590281464106603,13.650501481742817,22.889516349662923,10.612562509935078,30.791778944246165,19.698163281306247
27.567356705320606,28.31923236905085,26.21152590715733,25.335428825703442,25.81803346244625,24.316689317103688,20.935310972464347,20.982272066245613,21.23028274988568,24.134707960942702,19.115508454812392,13.703082074785486,16.887230505621353,20.82561248676002,15.502799945476042,16.20633178434848,17.59100941643052,12.542543238338974,14.280050154208286,15.278819471816032
28.603947169066533,33.9438710858565,27.317503786382517,31.06208633703772,26.361152555318206,23.034336530814528,20.038958680421644,22.075670514952236,21.696773908753368,17.182165405672308,23.29119183306685,12.429335584013785,11.248085749064954,11.402490689877304,12.235415484074414,10.059574797744268,21.481787553811575,12.76675844795015,15.378616657642349,13.56618037442875
23.086636451941168,25.302998870758127,22.12710325191493,22.493822595101925,33.488448712507946,17.29806871389929,26.652245856586642,27.687033561680995,17.411444305558877,43.93514969586924,15.648260486951736,20.68812488870433,13.827995395581619,27.964537543010056,23.708252644988143,9.255111570398247,16.610266846756296,15.705157700158143,37.42233019271691,16.26626859603102
20.6013957970587,23.164378703289422,25.776871024260572,22.746890473888275,21.809076051844073,32.921571636848,25.75751382212023,26.790711012116628,28.509146094715323,0,8.707920274931045,21.17800398095961,19.650717261916633,0,30.955930325911343,0,25.91487046540631,7.675168542800603,21.693231586944272,13.162181583135487
23.78283233981602,24.612349562459386,14.41234693663877,22.01486160867432,22.39860207610231,11.821847848133412,11.777769372949145,19.282127669142547,15.5808126514506,19.02957831113714,14.35685776127234,16.541259832061105,9.56425893313145,12.232238078593662,20.767890039134492,0,15.85388888084022,10.830877385199285,17.004515233420005,13.86349274322478
29.073749815489375,23.32416779050395,25.079855475116762,16.424505163767613,19.120027597013085,17.768659547239494,15.540830466559362,20.90388560206877,16.554582965780266,8.026173958501122,15.365559146799388,9.108496380436504,11.70424970409595,8.934945844701957,8.44100313501092,7.72902468355979,14.236554453540856,11.080260324418484,9.763121233828333,11.929632573883575
25.30993833366434,29.137955781551607,22.09296002129773,21.633610689126066,29.008082048629063,19.232063322100142,9.166260322542797,26.911950460133507,19.702332505015256,18.322120086614238,16.492063513324116,16.266471305794106,17.748629116342947,8.595746328885479,16.32712802413964,0,17.672115560254323,10.095639011127304,24.953200174150396,17.41211832932198
26.758684628422156,32.49621065641185,21.32687734890325,22.75975421803023,30.98620387012719,17.708415724490816,15.552461062296675,29.385917455518552,19.142949595329867,38.55101406476578,24.54436065231461,19.708767598343552,14.615159982671637,26.69049039619582,25.285745201415125,11.918774425085106,14.809242990931455,14.533024814815729,28.403222121651176,15.901308957577026
23.36982307406048,35.41357417974247,20.366946911305327,25.865292281962912,37.99147262429592,16.16159849137907,15.830530515538147,35.6923917701667,19.420703073659187,34.22735063009314,24.036192665344952,26.6524839237055,19.35319803332944,34.80258104266441,26.095130179158325,10.289432873503172,15.249366720463277,14.203806232715314,41.75528229665728,21.985307904003456
26.52577022606659,32.14843229874696,22.70341982551222,28.097736404085634,31.38838464724679,22.875929422428452,14.715033824539224,32.98104393996834,19.715777806430655,32.785056115837065,37.192581577209594,22.568250428141248,15.920301055049839,17.66273760499029,30.652298669036842,18.073642197811544,18.81125207403101,15.776002441164444,23.04056899882028,23.666221338695102
26.366399514096713,30.886932576043744,17.17902107722713,19.789566277230463,33.855934117407294,14.08166661004457,13.453319242845788,34.70404228958064,16.361089114717963,34.63192107994461,22.197202337694304,25.243233977845655,18.767646882924442,19.08801687460845,27.338990131117807,11.994068586945517,17.394435533869757,13.806465989388188,29.938626296751536,16.35554304954751
24.412845402761715,34.24649010833602,21.083314339347446,23.858112784184016,26.5371401162205,21.27817865446157,0,30.387577645245205,16.225129451101367,25.254973130560703,23.182643775807065,17.929664000259237,13.511732213022654,13.023326066279813,26.607575210736236,13.574179632025011,18.412415477764394,17.601969316782363,26.252928976736996,16.205153395990227
28.603023775266212,32.643973460811864,23.55112653974218,23.438057146051186,28.47187993134528,24.374653288596843,18.960573887568295,29.485345042397217,24.595343220015042,15.354402470890527,20.365861330503673,16.745065744689263,17.60278228819344,13.411262220670107,15.494091145892755,9.850435738580906,16.998458273703932,9.726392625774455,19.589310561400303,11.959096186693568
18.391970532212316,24.29952852382209,18.132329889230487,16.90083914370715,36.59677648546672,15.286238954074456,21.690037007785193,25.343692563613697,15.923904797533792,32.78523967424685,15.926213291529233,18.201057644647463,14.79983739704516,30.216515233301273,18.104343372730877,8.466993970157572,14.953620147471785,13.955498608069163,43.66389814899859,14.072918587876794
27.53440610146156,31.449959021189844,21.74114753421824,26.323633508172634,38.30335370824499,14.672041238268562,16.63941494774822,32.94014584742209,11.951190873653191,27.678270681282427,21.003216576353832,28.08403634717267,19.45008807094869,23.923960561999184,30.66424164416115,12.696047103497271,16.10140918711763,19.06727862071449,41.33822266864002,20.162609253069306
20.801300425356015,23.62297066691209,19.993165568323356,21.180594845964233,26.704054203723185,18.111896219523096,21.992450619228038,20.62527946489738,15.642488855648883,17.290986890381337,19.999126320040393,11.995940049218003,11.544856186880493,20.525440875716118,15.251116060687707,10.385311056576613,14.631510331323726,10.919166699599195,22.22242302711026,13.073882740764773
22.041699593113652,39.73539018206458,21.15524196388628,22.55848024461466,36.973459917419014,15.510892947155485,9.205931548505818,37.82320304792376,16.67770039877298,52.03471127354122,25.513072114009013,30.04542730254,16.98973752905839,34.36688279517895,30.49800147683216,8.777105718548071,16.42471621928849,14.736821292111683,41.35463775060679,17.24162286152635
25.152929099116623,19.277523883000562,20.233706716217277,17.591722121396764,0,18.075200590772745,14.310615470543445,9.020129457470285,11.079512236791803,0,7.999014538184936,0,10.812962656933845,0,0,10.350501076416652,11.31740357303772,11.554082127588169,0,7.98783797910355
26.272593225772983,38.09269825226323,20.295914464285282,15.808733458718782,42.97562921238541,17.17369691395026,8.116434861144805,41.880099834640625,12.576233530555536,53.63925488003977,28.97272329675771,28.884184101688746,17.53969795723325,25.2897690351233,33.115710330993984,16.157788933807673,12.177918588025266,18.02742967296218,42.07944577175991,17.936142574920822
30.91489529132202,30.939959407681066,26.375521256585497,28.880790924332917,35.820540887132694,19.150396069139056,16.084068447295166,33.5311576726183,17.65207796691926,36.64835964766654,20.49154678581939,22.384393227224944,19.512128874309028,14.16009587121554,29.416838549486723,15.354955051956443,19.97801000626574,23.097836653069493,32.11695090859758,21.482361805282
22.842327825435927,40.7453739003938,21.994216698488312,24.705143104111695,39.682421008246486,16.64862812508073,12.190739247463492,41.237173604173904,17.976660969382742,44.26043660849808,27.226580781287037,28.0598319323444,19.065645752015527,32.040086792298354,27.48221122869644,11.221815169675883,17.651907402180207,13.839874572487469,43.651991249308814,19.92008378037985
18.712214145235777,23.612841503330113,19.294659570284896,21.21354818781996,14.902124017733092,18.28367784933871,14.13709292323935,12.04624628378213,11.614379588096337,0,14.525972103474006,7.042710940013,8.515225925910375,0,0,0,13.599702913473097,8.746616269274904,7.473906155524448,0
30.808621244334116,27.847555369746363,18.90177991458754,21.123176709073714,13.76904112772563,14.539096576929298,15.320285042764729,14.847550516716934,10.727498302134647,14.475012674397604,8.330497658149433,8.268910030238603,9.902826546654621,11.47091128164731,10.148026135589033,11.344524585347505,8.570878755387882,15.001246456024115,16.256112701028464,10.247733390958107
32.35209576562427,26.24505833033286,19.477250627618428,20.289159609487797,13.762161107964811,14.364604155674233,14.685253149815924,14.239288996274485,10.318402221443751,12.042685367290856,8.483728118277254,7.902918365807237,9.46238985791531,11.006312270105404,9.061439328370891,12.060266643874066,8.205825832983079,14.27892397093365,15.499755321644994,10.384432522986488
26.63949654317974,24.71154971691121,20.40288044177765,20.4794366842709,12.981180293456593,18.600252651145784,11.914529769895163,12.854919410752602,12.34993517734874,10.759735930749613,14.503674933505156,0,0,0,13.131944685456693,8.27022108241166,13.286887784432833,11.542283051080492,0,11.093656752823314
26.862925586430368,20.560307768228448,22.899342988692258,21.849962196883727,17.28516741053854,19.846361911004028,16.963490526026877,16.41729373503869,17.335181864528224,17.57327562308838,12.239945711021512,8.738269007846357,14.551294064697354,15.567022969917508,0,13.225658566817994,15.600571079807805,12.335737524839669,13.356599651646736,10.421229227713521
24.097376290068183,34.79621082816595,20.49767186850954,27.283389713062164,34.29464427574366,17.08809254883517,17.52828704006358,30.819012899227975,19.72333095595109,31.63742900595473,22.48659545038669,24.829828046908204,21.841342280539813,27.904177478585108,15.642980227869987,12.151248369371212,20.160964489334265,12.007021228288583,33.25227971397452,21.711245476355018
26.966475503089686,24.668318764294558,21.404201104157778,17.940576631017105,23.2999648336347,13.895613226902128,17.86117092444262,18.537348959708375,12.96610295231149,12.134228622173513,10.250501162594054,13.340450789485057,16.421839375242552,24.013790915789397,12.406762280457656,12.363933849132993,11.268178000633316,13.578764583773934,22.009586608828652,11.01404826674197
19.482882032586613,17.058457785169303,16.071029143615316,14.070325585678253,11.397292203108863,10.749962432753335,15.188311159996365,7.896039934968392,8.101488045409582,0,0,8.03994513389625,0,14.624084574154384,0,0,8.400725795365817,0,0,0
14.889777330471784,25.997383053821604,12.613285872123019,14.285731368093732,35.2905478563079,11.005078670086156,8.025808343495454,26.47747669295712,0,31.42775377583063,13.061554665955585,21.894505909046426,11.113923052467637,35.106606732357704,22.66004205839891,7.74377150170165,0,9.860700373680887,42.54958505460236,13.986854739738401
30.896308985073883,27.599824399477967,24.5273488833009,25.181068832197738,21.590802222684218,17.56192517242175,22.096503964765038,21.39909583602214,16.92187604167072,16.406550064635514,8.81143744992109,13.218318186339578,17.95602832071651,18.958300899174354,10.061755242339284,12.185990954852434,12.480223656261675,9.205577730100751,10.764243828761712,10.171725756086419
31.969592506452155,31.874759283239523,31.58745634584654,26.899893830793683,23.978443305272638,22.140779702985753,16.113789529150218,16.950254532610835,26.820553555693092,12.114823919522449,18.515281476951966,7.08146238872985,13.66985192957496,0,0,8.030298874177438,21.09408864400382,7.907294742234186,0,8.255498726754588
27.024332244652868,29.767862793379486,22.739301348351184,24.6400222748598,40.81367909128118,13.525948913390991,16.037589430910863,36.682773803838266,12.585028763235606,40.8099928336855,20.425162822619914,28.906615532679808,17.442370807430866,20.466598888648466,30.054375653665765,10.710670017053884,19.36263717160052,19.754380210669364,38.526827959304235,19.5893068582044
29.435773860994257,27.948780755997763,28.085132876631256,25.579107188137378,26.72169229080213,22.195753676960464,23.934762740475886,25.126938266563815,20.098959627187217,14.75586881468107,21.777526450924114,13.050324154301617,11.10416667396585,13.54554140885588,9.247185918861069,12.077363806513679,15.769462860875496,13.315550178778121,11.401256828481559,14.764165499442948
26.794165866901007,35.7340733601476,20.707786544442037,27.127095702254206,34.406720208960344,19.96769551224398,16.541587595488835,29.394666266305254,23.683197382148325,24.59763482014168,19.483198794541973,16.30102960669661,19.426880794010692,27.3399028732005,17.262870582269127,11.461655538958226,15.903145535344503,9.209276400748527,29.120639065078645,16.2561612759906
41.15268168267949,18.542352198866336,13.50599061800892,13.327680896611978,12.861553783384585,8.830762619410132,10.710609376112622,11.947120610855727,7.8100212206978386,8.617391755150093,7.637820156453868,0,0,9.311920232510968,0,8.252617158607638,0,9.964860057915711,11.550772676862062,7.791571016787198
27.18016154383483,21.50367042009108,21.79669448033371,20.89980365759934,13.486182002418246,9.221819984551935,12.48129507918731,13.983889171593319,13.533647250953837,9.939871945897844,13.175205582013119,0,0,10.119071532034138,11.631732633858384,10.227996991037658,11.20059106934612,13.470145723881034,8.768432354804034,0
26.252464614995965,30.106113795782193,16.017132019905826,17.091348341243265,31.701364478008013,14.812618676731667,12.825638252085207,26.78781540769953,17.242377710839264,25.568009295020484,16.60941492794874,17.475574109831186,17.60423680914045,24.529522915702284,17.60590141849173,7.720467353351029,14.237235861570642,8.99366613959371,30.03689570870766,13.900318834361997
27.91097981960972,28.313637526095487,19.994748560665602,28.618739748072745,34.271391697292565,14.23843338736255,14.346267690505844,28.889878825715844,15.884469571786186,26.668558036446548,20.092446484049034,19.04818472037267,16.19935143896188,18.576056428905723,26.964242382240297,10.79676692924788,18.855966192247585,21.290999149740678,35.282965450165406,18.490185612186
17.266353804262938,31.537876878631145,15.218099538359382,19.054584230214058,38.18100657079889,10.369339281687894,10.989857624789437,27.795416289943095,0,35.791495762604235,13.011052336982551,22.334466150571373,9.481852008872396,46.41923633658521,19.493394714895,10.245673154986687,0,8.29750715483944,43.85507932970942,11.5751116101281
22.04603183891352,26.009199689212853,20.652846336738545,19.8344534673525,25.559356392071727,16.938780612763125,16.784954663213572,25.26469569343173,13.993071807849754,16.139017444585665,21.53809215378704,20.96082791439251,12.108728442169523,10.942024399717893,12.312345648984069,11.654422038819195,13.716239729834763,11.487247127240206,13.82521865955248,12.834010146184973
29.89061861914972,25.992178160561707,21.50437997985254,21.158422740830833,33.110645271571734,12.854050141583121,18.599269950497604,21.242032042385677,12.3760081400468,25.161390510911833,13.942472106311616,20.945215021997043,12.95734954991674,20.462353611961333,24.962729254060548,12.439543861506603,10.668857839098344,11.599634894727865,27.3424629317468,14.340955747153224
27.39161525462313,20.423062884887926,24.0612868563078,21.713560723019345,22.637267712003858,18.002879572742405,13.916958973534692,16.6407139481035,22.104514302933307,17.164932584343866,20.51156922340975,11.86693382288119,10.025534230327876,12.344455471047105,17.909938973784943,0,13.987524080322059,8.822560593297096,16.888628913982235,12.998536001975173
29.533293355349958,34.850564073240655,23.907204801337834,25.83095016955347,35.45212928504415,17.057596835323316,15.46927827545328,30.56360904800979,17.787316947556533,32.62522420300043,16.545278937650163,22.69251215365724,21.12084287825821,25.906112518760327,23.12656134886749,14.660753991804548,16.15197341010737,16.590996525459243,34.34557488223713,17.826342444719145
28.13496387195724,17.81132498694855,24.728308682946217,23.81381162481412,26.81052436914048,19.466968955113426,16.307467188237748,20.188133459246334,23.717298491675532,16.948257244795567,26.794467367884117,10.997735398048622,13.445324756099922,0,17.019279383245593,8.839835276343432,21.600214531724546,9.37518121658432,11.63490825237881,15.361888998581957
30.606561600970267,32.30823527341122,24.251083716878497,29.375293952410182,42.928972734613545,25.684548568324708,22.312700587592076,41.83626429146126,22.56574042959852,34.30944654942692,47.647561997032504,26.6244396155248,15.105844265173452,12.260362515331675,31.931455759551596,20.292393046141804,20.2727854586053,15.714075417630358,34.04772456765338,32.16318579143212
25.386183348671626,32.92779879098047,20.513146426167385,24.938001475564114,30.703216108753875,16.785267051050088,19.8068274874317,29.751989188054942,21.444816294799192,27.018828045324724,17.463727517880212,19.97801126326714,15.553218652533781,27.80800518873547,22.062141270322222,7.801376794886515,17.80150751948564,10.53482401001156,30.35532706324239,14.087103990021001
26.60383098084071,24.36365991681616,26.466253448315896,20.686282091491883,15.067166947155965,25.259078991472354,20.767915247550327,14.274319280148033,16.421491279388718,9.416624730611742,13.435247756390574,10.54736886240249,11.622466924548762,0,13.962311754263089,13.934769201567367,16.790788251442315,10.310128324423879,0,11.843679656667174
16.572329795701975,12.86487929152788,18.421028874223285,15.146336831495038,22.778644408049512,16.296154493729833,19.97898748102445,18.51448489920472,9.503318241450113,23.04360763237318,7.660254816727174,12.181917300176044,10.280257831843295,24.076060954430215,14.338730050480887,9.776433548596588,8.238695278825498,10.387667523048298,29.67467940542499,7.557985538087427
26.61684750781756,28.633750097636234,24.883048676087142,22.445584214143967,17.4226094272831,16.208807398204662,23.288249941472824,18.57270538873943,14.774229266884788,14.074441994405413,11.875718432151029,10.01782172611015,13.367526667128619,12.047532102297975,8.572039260769065,12.814920474836207,15.787482235532186,10.54990890498802,9.922388421441475,8.072309016402352
25.085665618003386,19.73818688665801,20.383949973916327,18.44668883077399,22.5606909409669,16.67586288170113,22.429850218713213,16.438666797552674,17.98409176666816,16.869221497120197,11.758979622178703,9.920806597817101,13.990588454270252,15.715704887882438,12.726692408381526,12.6845323249375,14.997902752653864,8.354391499848006,15.843127262942343,12.017486954791236
23.581398345453422,37.88726303777419,15.872048379120447,22.576155498639814,34.688873655739044,19.973720504033146,14.03958182415308,33.019064740543136,18.375092098016328,26.768273131040026,18.313560701637176,23.33612068484112,26.883020631061225,14.706915247400028,19.530882217963395,9.05672364755454,23.49903780923832,7.547161902457845,29.776218998688723,17.099493130886614
20.715987966265313,35.41998047345623,16.273790323003283,21.02920739695849,40.167248650581016,11.792343773872565,10.236545158132374,30.47848392127938,10.038924115755265,37.59206989737131,14.601131324967557,19.514193022981903,15.224043291577173,45.93443448234749,19.436129889678075,8.63815122400263,0,11.813011464956663,48.58634770108434,13.242999341258628
15.36687521431306,28.93690549609286,14.40238406097824,19.814698034447144,36.34612333388327,9.06233989536228,8.518297289170118,27.255846022767052,7.102833928588359,37.04837072627547,12.82540849504351,23.279630785305486,8.684039062280542,42.28766343382025,20.19219734134459,9.538565687504727,0,11.181266362091316,46.91712662515874,13.13234384979859
18.006712216111904,19.976266089217127,16.41897093476388,10.814289809027024,13.933800592667907,7.666046150905148,18.82020532216296,10.562667025545007,7.4674459665150845,10.603315184859852,8.941028371365364,7.993173008444995,8.265139738819492,16.39133277608804,0,0,7.135119656801804,0,10.944678749825824,0
20.468519075511484,20.22882576456829,18.634910243610328,14.085846067937087,14.069280893976076,14.345333224270082,16.412883743771115,10.774190529256087,12.830340612592861,7.778011261685879,11.33588613082427,0,9.925700627035978,9.396156923926261,8.181039369821725,0,11.164752159722918,8.720478192683492,7.301140435346589,0
22.405841620469374,26.972012256744073,20.952416736481073,22.040528965167727,35.442297523846875,12.789963575204826,13.43236895447577,26.88821932734816,10.74153859916119,30.617454978056205,17.48570638929535,27.834732367161738,19.33730082297664,22.972831345781213,29.299414017266393,13.320457230195453,14.515715802745051,13.264423835258533,36.81646746741641,18.375916425394504
16.13248694741303,38.86754887064969,18.71528833772788,23.44380535505545,36.62519628501037,12.63086317635108,7.933304255918102,36.789392468764056,17.378213474929634,53.47372826674333,25.75921430868701,30.937740569068694,12.098461497135638,33.992207136798974,27.358107083102006,8.160519793185802,13.821088338739782,10.79212710923272,46.133606195120386,18.050473469646885
30.044464144889126,32.36633464766518,29.622937064581325,25.56182034138834,25.47838990688031,24.508419443450038,12.095451693034683,20.338086077298136,23.66804222726164,20.644077618562317,21.910408404418465,14.295408506907915,12.373087377920372,16.117412089033003,31.00696679928613,11.96346220258555,22.293340690606513,15.608186183807351,16.93936939792046,16.86656672608582
28.142070259161343,31.576178224256317,18.108239554364616,22.754513109447814,35.95943265388159,18.874095594164228,16.638457321155094,27.524674749492647,19.747679991749735,25.51790696933743,21.488293748961226,16.384838770296845,18.836378717365648,24.415424024969912,20.975467596061442,12.25859099306324,16.688471583802855,12.11228235934595,33.97484463892482,15.65858012219094
30.568807106766183,32.26035662145313,24.74084269062942,30.59265232930505,29.922806064542986,23.805635739255816,19.471456501658835,26.930497968809558,24.577317664992602,24.058911662149217,24.723526897534303,12.502410839843204,24.113396087261805,19.146380598450783,14.486027140716786,13.74741429273548,16.052237886076394,17.124736339266402,19.334365528784584,12.288620837312411
26.452212545148974,30.286713001962692,17.87472903157685,23.094926913111102,26.694620664861905,21.024557531244074,17.995063618573596,21.911389855458363,22.851448909737435,18.720690596105236,19.411375052944173,14.932747630938994,12.293476603524015,30.077125190460805,18.68231477956519,13.157538708244779,18.699140815656918,15.026395361382834,28.100859922099612,11.773752681673571
27.08232484907868,26.100023519664244,21.118185964285306,23.143251333861752,22.226732577016765,17.56320819532307,17.368161237221365,20.065074057116885,17.042453528362806,15.177288304009101,14.011219969465362,14.281738962228786,10.12998226817108,12.491985441396288,17.40656140792764,15.284215229491084,18.08763923904879,9.605518825683593,15.625133123886217,9.197917767103531
25.25488597766612,25.32625237073277,24.170329780120248,18.438297682905432,19.25944896533912,17.895407280774183,18.35346445213767,19.069112073874688,18.00563315104327,9.546902177987857,14.242869428947937,9.158344105821707,9.573207536051171,9.723394542223277,9.209501993145215,9.184546266450825,17.72355935522983,10.461102975146412,8.30749966803839,9.341509813856987
24.318968319154468,23.33598215943447,19.774264619557073,24.052204755202222,26.36642707936843,14.298552935235646,15.657867305427178,25.465725748241514,15.345421383918884,18.970802325172972,15.407712471081492,16.950958409006233,14.931179814924938,15.828541301254859,18.281967569992453,10.407829410327984,16.31680185797532,15.42009149657441,25.061627541600263,13.565228597838228
